,Media,Mediana,Moda,Desv. Estándar,Mínimo,Máximo
id_sensor,125.66666666666667,125.5,101.0,14.597191996558694,101.0,150.0
temperatura_c,81.921875,82.5,75.8,10.288414814163447,64.5,96.2
presion_psi,40.168749999999996,40.75,38.1,5.640409154089082,29.8,48.1
vibracion_mm_s,6.819791666666667,2.45,2.0,19.719632564181108,1.4,99.9
potencia_kw,18.652083333333334,15.850000000000001,9.6,17.4084473207856,9.5,99.9
